1;"Fu";"2022-10-01 11:42:00";"fm1";"0000-00-00 00:00:00";"";"0000-00-00 00:00:00";"";"E";1;"WRZ 4";"";"";"";"";"";"";"EAL DLRG WE";"f";"";"KDOW des WRZ4 auf Anfahrt zum Sammelraum\
1/1/2//4";"2022-10-01 11:42:00";"WRZ4";"";"";"0000-00-00 00:00:00";"";"S2_rt,";\N;\N;4;"f";"f";"";"f";"0000-00-00 00:00:00";"0000-00-00 00:00:00"
2;"Fu";"2022-10-01 11:44:00";"fm2";"0000-00-00 00:00:00";"";"0000-00-00 00:00:00";"";"E";2;"WRZ7";"";"";"";"";"";"";"EAL DLRG WE";"f";"";"Abgr&uuml;cken zur Sammelstelle\
1/1/2//4\
voraussichtl. Ankunftszeit:11.00                                                                                                                                                                                   ";"2022-10-01 11:44:00";"WRZ7";"";"";"0000-00-00 00:00:00";"";"S2_rt,";\N;\N;4;"f";"f";"";"f";"0000-00-00 00:00:00";"0000-00-00 00:00:00"
3;"Fu";"2022-10-01 11:45:00";"fm1";"0000-00-00 00:00:00";"";"0000-00-00 00:00:00";"";"E";3;"WRZ 6";"";"";"";"";"";"";"EAL DLRG WE";"f";"";"WRZ 6 auf dem Weg zum Sammelraum\
St&auml;rke 1/1/2//4\
Ankunftszeit: 011152okt22";"2022-10-01 11:45:00";"WRZ6";"";"";"2022-10-01 11:45:00";"fm1";"S2_rt,EL_bl,UEL_bl,S1S4_bl,S3S6_bl,S5_bl,";"";\N;8;"t";"f";"";"t";"0000-00-00 00:00:00";"2022-10-01 11:45:23"
4;"Fu";"2022-10-01 11:46:00";"fm2";"0000-00-00 00:00:00";"";"0000-00-00 00:00:00";"";"E";4;"WRZ8";"";"";"";"";"";"";"EAL DLRG WE";"f";"";"Abr&uuml;cken WRZ8\
St&auml;rke: 1/1/2//4\
Ankunftszeit: in ca. 1 min";"2022-10-01 11:46:00";"WRZ 8";"";"";"2022-10-01 11:46:00";"fm2";"S2_rt,EL_bl,UEL_bl,S1S4_bl,S3S6_bl,S5_bl,";"";\N;8;"t";"f";"";"t";"0000-00-00 00:00:00";"2022-10-01 11:45:54"
5;"Fu";"2022-10-01 11:47:00";"fm2";"0000-00-00 00:00:00";"";"0000-00-00 00:00:00";"";"E";5;"WRZ 8";"";"";"";"";"";"";"EAL DLRG WE";"f";"";"Eintreffen Sammelrsaum";"2022-10-01 11:47:00";"WRZ 8";"";"";"2022-10-01 11:47:00";"fm2";"S2_rt,EL_bl,UEL_bl,S1S4_bl,S3S6_bl,S5_bl,";"";\N;8;"t";"f";"";"t";"0000-00-00 00:00:00";"2022-10-01 11:46:55"
6;"Fu";"2022-10-01 11:52:00";"fm2";"0000-00-00 00:00:00";"";"0000-00-00 00:00:00";"";"E";6;"WRZ5";"";"";"";"";"";"";"EAL DLRG WE";"f";"";"Eintreffen Sammelstelle";"2022-10-01 11:52:00";"WRZ5";"";"";"2022-10-01 11:52:00";"fm2";"S2_rt,EL_bl,UEL_bl,S1S4_bl,S3S6_bl,S5_bl,";"";\N;8;"t";"f";"";"t";"0000-00-00 00:00:00";"2022-10-01 11:51:52"
7;"Fu";"2022-10-01 11:53:00";"fm1";"0000-00-00 00:00:00";"";"0000-00-00 00:00:00";"";"E";7;"WRZ 4";"";"";"";"";"";"";"EAL DLRG WE";"f";"";"WRZ 4 Eintreffen in Sammelraum.\
Beginn der Erkundung";"2022-10-01 11:53:00";"WRZ 4";"";"";"2022-10-01 11:53:00";"fm1";"S2_rt,EL_bl,UEL_bl,S1S4_bl,S3S6_bl,S5_bl,";"";\N;8;"t";"f";"";"t";"0000-00-00 00:00:00";"2022-10-01 11:52:44"
8;"Fu";"2022-10-01 11:55:00";"fm2";"0000-00-00 00:00:00";"";"0000-00-00 00:00:00";"";"E";8;"WRZ6";"";"";"";"";"";"";"EAL DLRG WE";"f";"";"am Bereitstellungsraum eingetroffen";"2022-10-01 00:00:00";"WRZ6";"";"";"2022-10-01 11:55:00";"fm2";"S2_rt,EL_bl,UEL_bl,S1S4_bl,S3S6_bl,S5_bl,";"";\N;8;"t";"f";"";"t";"0000-00-00 00:00:00";"2022-10-01 11:58:22"
9;"";"0000-00-00 00:00:00";"";"2022-10-01 11:58:00";"";"2022-10-01 12:00:00";"fm2";"A";9;"";"";"";"";"";"";"";"WRZ 8";"f";"";"Standort KdoW, wie lange noch bis zum eintreffen?";"2022-10-01 11:58:00";"EAL DLRG WE";"el";"EL";"2022-10-01 12:00:00";"fm2";"S2_rt,EL_gn,UEL_bl,S1S4_bl,S3S6_bl,S5_bl,";"";\N;8;"t";"f";"";"t";"0000-00-00 00:00:00";"2022-10-01 12:00:28"
10;"Fu";"2022-10-01 12:01:00";"fm2";"0000-00-00 00:00:00";"";"0000-00-00 00:00:00";"";"E";10;"WRZ 8";"";"";"";"";"";"";"EAL DLRG WE  EL";"f";"";"Zitat: von A 9 \
&quot;Standort KdoW, wie lange noch bis zum eintreffen?&quot;\
WRZ hat Eintreffen 11.42 gemeldet\
";"2022-10-01 12:01:00";"WRZ 8";"el";"EL";"2022-10-01 12:01:00";"fm2";"S2_rt,";"";\N;8;"t";"f";"";"t";"0000-00-00 00:00:00";"2022-10-01 12:01:27"
11;"";"0000-00-00 00:00:00";"";"2022-10-01 12:03:00";"";"2022-10-01 12:12:00";"fm1";"A";11;"WRZ 5, WRZ 6";"";"Fu";"";"";"";"";"WRZ4, WRZ5, WRZ6, WRZ7, WRZ8";"f";"";"Erkundung des Sammelraums nach Platz f&uuml;r eine Einsatzeinheit NRW";"2022-10-01 12:03:00";"EAL DLRG WE";"el";"EL";"2022-10-01 12:12:00";"fm1";"S2_rt,EL_gn,UEL_bl,S1S4_bl,S3S6_bl,S5_bl,";"";\N;8;"t";"f";"";"t";"0000-00-00 00:00:00";"2022-10-01 12:12:16"
12;"Fu";"2022-10-01 12:07:00";"fm2";"0000-00-00 00:00:00";"";"0000-00-00 00:00:00";"";"E";12;"WRZ7";"";"";"";"";"";"";"EAL DLRG WE";"f";"";"Sammelpatz erkundet. Platz f&uuml;r einen WRZ + Einsatzeinheit";"2022-10-01 00:00:00";"WRZ7";"";"";"2022-10-01 12:07:00";"fm2";"S2_rt,EL_bl,UEL_bl,S1S4_bl,S3S6_bl,S5_bl,";"";\N;8;"t";"f";"";"t";"0000-00-00 00:00:00";"2022-10-01 12:07:17"
13;"Fu";"2022-10-01 12:08:00";"fm1";"0000-00-00 00:00:00";"";"0000-00-00 00:00:00";"";"E";13;"WRZ 4";"";"";"";"";"";"";"EAL DLRG WE";"f";"";"Erkundung Sammelraum abgeschlossen,\
Platz f&uuml;r 1 WRZ\
";"2022-10-01 12:08:00";"WRZ 4";"";"";"2022-10-01 12:08:00";"fm1";"S2_rt,EL_bl,UEL_bl,S1S4_bl,S3S6_bl,S5_bl,";"";\N;8;"t";"f";"";"t";"0000-00-00 00:00:00";"2022-10-01 12:07:52"
14;"Fu";"2022-10-01 12:10:00";"fm2";"0000-00-00 00:00:00";"";"0000-00-00 00:00:00";"";"E";14;"WRZ8";"";"";"";"";"";"";"EAL DLRG WE";"f";"";"Platz im Bereitsstellungsraum: WRZ8 + ein weiterer";"2022-10-01 12:10:00";"WRZ8";"";"";"2022-10-01 12:10:00";"fm2";"S2_rt,EL_bl,UEL_bl,S1S4_bl,S3S6_bl,S5_bl,";"";\N;8;"t";"f";"";"t";"0000-00-00 00:00:00";"2022-10-01 12:10:03"
15;"Fu";"2022-10-01 12:13:00";"fm1";"0000-00-00 00:00:00";"";"0000-00-00 00:00:00";"";"E";15;"WRZ 5, WRZ 6";"";"";"";"";"";"";"EAL DLRG WE  EL";"f";"";"Zitat: von A 11 \
&quot;Erkundung des Sammelraums nach Platz f&uuml;r eine Einsatzeinheit NRW&quot;\
WRZ 6 best&auml;tigt Platz f&uuml;r Einsatzeinheit NRW\
";"2022-10-01 12:13:00";"WRZ4, WRZ5, WRZ6, WRZ7, WRZ8";"el";"EL";"2022-10-01 12:13:00";"fm1";"S2_rt,";"";\N;8;"t";"f";"";"t";"0000-00-00 00:00:00";"2022-10-01 12:13:03"
16;"";"0000-00-00 00:00:00";"";"2022-10-01 12:16:00";"";"2022-10-01 12:24:00";"fm1";"A";16;"WRZ 4";"";"Fu";"";"";"";"";"WRZ 4";"f";"";"Mitteilung von der KooSt:\
Anruf des 2. Bootstrupps der 2. Bootsgruppe, das Zugfahrzeug hat einen Platten und der Trupp wird ca. 40 Minuten sp&auml;ter im Sammelraum eintreffen";"2022-10-01 12:16:00";"EAL DLRG WE";"el";"EL";"2022-10-01 12:24:00";"fm1";"S2_rt,EL_gn,UEL_bl,S1S4_bl,S3S6_bl,S5_bl,";"";\N;8;"t";"f";"";"t";"0000-00-00 00:00:00";"2022-10-01 12:24:16"
17;"Fu";"2022-10-01 12:17:00";"fm1";"0000-00-00 00:00:00";"";"0000-00-00 00:00:00";"";"E";17;"WRZ 4";"";"";"";"";"";"";"EAL DLRG WE";"f";"";"WRZ 4 gibt UTM Koordinaten durch: 4440205720080";"2022-10-01 12:17:00";"WRZ 4";"";"";"2022-10-01 12:17:00";"fm1";"S2_rt,EL_bl,UEL_bl,S1S4_bl,S3S6_bl,S5_bl,";"";\N;8;"t";"f";"";"t";"0000-00-00 00:00:00";"2022-10-01 12:17:13"
18;"Fu";"2022-10-01 12:19:00";"fm1";"0000-00-00 00:00:00";"";"0000-00-00 00:00:00";"";"E";18;"WRZ 5";"";"";"";"";"";"";"EAL DLRG WE";"f";"";"WRZ 5 best&auml;tigt Platz f&uuml;r Einsatzeinheit NRW";"2022-10-01 12:19:00";"WRZ 5";"";"";"2022-10-01 12:19:00";"fm1";"S2_rt,EL_bl,UEL_bl,S1S4_bl,S3S6_bl,S5_bl,";"";\N;8;"t";"f";"";"t";"0000-00-00 00:00:00";"2022-10-01 12:19:45"
19;"Fu";"2022-10-01 12:20:00";"fm2";"0000-00-00 00:00:00";"";"0000-00-00 00:00:00";"";"E";19;"WRZ/";"";"";"";"";"";"";"EAL DLRG WE";"f";"";"Entreffen am Bereitstellungsraum mit WRZ7 1/10/37//48";"2022-10-01 12:20:00";"WRZ7";"";"";"2022-10-01 12:20:00";"fm2";"S2_rt,EL_bl,UEL_bl,S1S4_bl,S3S6_bl,S5_bl,";"";\N;8;"t";"f";"";"t";"0000-00-00 00:00:00";"2022-10-01 12:19:46"
20;"Fu";"2022-10-01 12:21:00";"fm2";"0000-00-00 00:00:00";"";"0000-00-00 00:00:00";"";"E";20;"WRZ8";"";"";"";"";"";"";"EAL DLRG WE";"f";"";"Koordinaten: 29U 5532 5723";"2022-10-01 12:21:00";"WRZ8";"";"";"2022-10-01 12:21:00";"fm2";"S2_rt,EL_bl,UEL_bl,S1S4_bl,S3S6_bl,S5_bl,";"";\N;8;"t";"f";"";"t";"0000-00-00 00:00:00";"2022-10-01 12:21:36"
21;"Fu";"2022-10-01 12:25:00";"fm2";"0000-00-00 00:00:00";"";"0000-00-00 00:00:00";"";"E";21;"WRZ4";"";"";"";"";"";"";"EAL DLRG WE";"f";"";"Verlegen zur&uuml;ck in den Sammelraum";"2022-10-01 12:25:00";"WRZ4";"";"";"2022-10-01 12:25:00";"fm2";"S2_rt,EL_bl,UEL_bl,S1S4_bl,S3S6_bl,S5_bl,";"";\N;8;"t";"f";"";"t";"0000-00-00 00:00:00";"2022-10-01 12:25:00"
22;"Fu";"2022-10-01 12:25:00";"fm1";"0000-00-00 00:00:00";"";"0000-00-00 00:00:00";"";"E";22;"WRZ 4";"";"";"";"";"";"";"EAL DLRG WE  EL";"f";"";"Zitat: von A 16 \
&quot;Mitteilung von der KooSt:\
Anruf des 2. Bootstrupps der 2. Bootsgruppe, das Zugfahrzeug hat einen Platten und der Trupp wird ca. 40 Minuten sp&auml;ter im Sammelraum eintreffen&quot;\
\
WRZ 4 hat Information verstanden\
";"2022-10-01 12:25:00";"WRZ 4";"el";"EL";"2022-10-01 12:25:00";"fm1";"S2_rt,";"";\N;8;"t";"f";"";"t";"0000-00-00 00:00:00";"2022-10-01 12:25:04"
23;"Fu";"2022-10-01 12:26:00";"fm1";"0000-00-00 00:00:00";"";"0000-00-00 00:00:00";"";"E";23;"WRZ 7";"";"";"";"";"";"";"EAL DLRG WE";"f";"";"WRZ 7 gibt Koordinaten durch: 32U43421304";"2022-10-01 12:26:00";"WRZ 7";"";"";"2022-10-01 12:26:00";"fm1";"S2_rt,EL_bl,UEL_bl,S1S4_bl,S3S6_bl,S5_bl,";"";\N;8;"t";"f";"";"t";"0000-00-00 00:00:00";"2022-10-01 12:26:30"
24;"Fu";"2022-10-01 12:29:00";"fm2";"0000-00-00 00:00:00";"";"0000-00-00 00:00:00";"";"E";24;"WRZ6";"";"";"";"";"";"";"EAL DLRG WE";"f";"";"Platz f&uuml;r 3 WRZ + Einsatzeinheit\
Koordinaten des Sammelraums\
32U 43845 57156";"2022-10-01 12:29:00";"WRZ6";"";"";"2022-10-01 12:29:00";"fm2";"S2_rt,EL_bl,UEL_bl,S1S4_bl,S3S6_bl,S5_bl,";"";\N;8;"t";"f";"";"t";"0000-00-00 00:00:00";"2022-10-01 12:28:40"
25;"Fu";"2022-10-01 12:30:00";"fm1";"0000-00-00 00:00:00";"";"0000-00-00 00:00:00";"";"E";25;"WRZ 5 ";"";"";"";"";"";"";"EAL DLRG WE";"f";"";"WRZ 5 gibt UTM Koordinaten durch: 32U44105725";"2022-10-01 12:30:00";"WRZ 5";"";"";"2022-10-01 12:30:00";"fm1";"S2_rt,EL_bl,UEL_bl,S1S4_bl,S3S6_bl,S5_bl,";"";\N;8;"t";"f";"";"t";"0000-00-00 00:00:00";"2022-10-01 12:29:47"
26;"Fu";"2022-10-01 12:31:00";"fm2";"0000-00-00 00:00:00";"";"0000-00-00 00:00:00";"";"E";26;"WRZ8";"";"";"";"";"";"";"EAL DLRG WE";"f";"";"Kommen zur&uuml;ck zur Unterkunft (Schranke)";"2022-10-01 12:31:00";"WRZ8";"";"";"2022-10-01 12:31:00";"fm2";"S2_rt,EL_bl,UEL_bl,S1S4_bl,S3S6_bl,S5_bl,";"";\N;8;"t";"f";"";"t";"0000-00-00 00:00:00";"2022-10-01 12:30:44"
27;"Fu";"2022-10-01 12:32:00";"fm1";"0000-00-00 00:00:00";"";"0000-00-00 00:00:00";"";"E";27;"WRZ 7";"";"";"";"";"";"";"EAL DLRG WE";"f";"";"WRZ 7 hat Auftrag abgeschlossen und r&uuml;ckt zur Unterkunft ein.";"2022-10-01 12:32:00";"WRZ 7";"";"";"2022-10-01 12:32:00";"fm1";"S2_rt,EL_bl,UEL_bl,S1S4_bl,S3S6_bl,S5_bl,";"";\N;8;"t";"f";"";"t";"0000-00-00 00:00:00";"2022-10-01 12:31:42"
28;"Fu";"2022-10-01 12:32:00";"fm2";"0000-00-00 00:00:00";"";"0000-00-00 00:00:00";"";"E";28;"WRZ6";"";"";"";"";"";"";"EAL DLRG WE";"f";"";"R&uuml;ckkehr bis Schranke";"2022-10-01 12:32:00";"WRZ6";"";"";"2022-10-01 12:32:00";"fm2";"S2_rt,EL_bl,UEL_bl,S1S4_bl,S3S6_bl,S5_bl,";"";\N;8;"t";"f";"";"t";"0000-00-00 00:00:00";"2022-10-01 12:32:05"
29;"Fu";"2022-10-01 12:33:00";"fm1";"0000-00-00 00:00:00";"";"0000-00-00 00:00:00";"";"E";29;"WRZ 5";"";"";"";"";"";"";"EAL DLRG WE";"f";"";"WRZ 5 hat Auftrag abgeschlossen und r&uuml;ckt zur Unterkunft ein.";"2022-10-01 12:33:00";"WRZ 5";"";"";"2022-10-01 12:33:00";"fm1";"S2_rt,EL_bl,UEL_bl,S1S4_bl,S3S6_bl,S5_bl,";"";\N;8;"t";"f";"";"t";"0000-00-00 00:00:00";"2022-10-01 12:33:00"
30;"Fu";"2022-10-01 12:36:00";"fm2";"0000-00-00 00:00:00";"";"0000-00-00 00:00:00";"";"E";30;"WRZ4";"";"";"";"";"";"";"EAL DLRG WE";"f";"";"R&uuml;ckfahrt zur Unterkunft";"2022-10-01 12:36:00";"WRZ4";"";"";"2022-10-01 12:36:00";"fm2";"S2_rt,EL_bl,UEL_bl,S1S4_bl,S3S6_bl,S5_bl,";"";\N;8;"t";"f";"";"t";"0000-00-00 00:00:00";"2022-10-01 12:35:53"
31;"Fu";"2022-10-01 14:09:00";"fm2";"0000-00-00 00:00:00";"";"0000-00-00 00:00:00";"";"E";31;"WRZ7";"";"";"";"";"";"";"EAL DLRG WE";"f";"";"Anfahrt &uuml;ber die A2";"2022-10-01 14:09:00";"WRZ7";"";"";"2022-10-01 14:09:00";"fm2";"S2_rt,EL_bl,UEL_bl,S1S4_bl,S3S6_bl,S5_bl,";"";\N;8;"t";"f";"";"t";"0000-00-00 00:00:00";"2022-10-01 14:09:09"
32;"Fu";"2022-10-01 14:14:00";"fm2";"0000-00-00 00:00:00";"";"0000-00-00 00:00:00";"";"E";32;"WRZ 8";"";"";"";"";"";"";"EAL DLRG WE";"f";"";"R&uuml;cken ab vom Sammelraum Richtung Tangerm&uuml;nde\
vorauss. fahrtzeut: 5 h 10 min\
1/10/37//48";"2022-10-01 14:14:00";"WRZ 8";"";"";"2022-10-01 14:14:00";"fm2";"S2_rt,EL_bl,UEL_bl,S1S4_bl,S3S6_bl,S5_bl,";"";\N;8;"t";"f";"";"t";"0000-00-00 00:00:00";"2022-10-01 14:14:32"
33;"";"0000-00-00 00:00:00";"";"2022-10-01 14:16:00";"";"2022-10-01 14:24:00";"fm1";"A";33;"";"";"";"";"";"";"";"WRZ4, WRZ 5, WRZ6";"f";"";"Anfrage der KooSt:\
- Standort\
- Planungsstand";"2022-10-01 14:16:00";"EAL DLRG WE";"el";"EL";"2022-10-01 14:24:00";"fm1";"S2_rt,EL_gn,UEL_bl,S1S4_bl,S3S6_bl,S5_bl,";"";\N;8;"t";"f";"";"t";"0000-00-00 00:00:00";"2022-10-01 14:24:15"
34;"Fu";"2022-10-01 14:27:00";"fm1";"0000-00-00 00:00:00";"";"0000-00-00 00:00:00";"";"E";34;"WRZ 4, WRZ 5, WRZ 6";"";"";"";"";"";"";"EAL DLRG WE  EL";"f";"";"Zitat: von A 33 \
&quot;Anfrage der KooSt:\
- Standort\
- Planungsstand&quot;\
\
WRZ 4: Standort Rastplatz \
Abfahrt 011430Okt22\
\
WRZ 5: Abfahrt Dorsten bei Tangerm&uuml;nde\
Fahrzeit 8 Std. 10 Min\
\
WRZ 6: Standort: BAB 45, Richtung Siegerland, Kilometer 103\
Planung unter Ber&uuml;cksichtigung der Sperrung A45 L&uuml;denscheid\
\
";"2022-10-01 14:27:00";"WRZ4, WRZ 5, WRZ6";"el";"EL";"2022-10-01 14:27:00";"fm1";"S2_rt,";"";\N;8;"t";"f";"";"t";"0000-00-00 00:00:00";"2022-10-01 14:27:25"
35;"Fu";"2022-10-01 14:35:00";"fm2";"0000-00-00 00:00:00";"";"0000-00-00 00:00:00";"";"E";35;"WRZ6";"";"";"";"";"";"";"EAL DLRG WE";"f";"";"Abmarsch von der A 45 FR Norden auf die A 4";"2022-10-01 14:35:00";"WRZ6";"";"";"2022-10-01 14:35:00";"fm2";"S2_rt,EL_bl,UEL_bl,S1S4_bl,S3S6_bl,S5_bl,";"";\N;8;"t";"f";"";"t";"0000-00-00 00:00:00";"2022-10-01 14:34:51"
36;"Fu";"2022-10-01 14:37:00";"fm1";"0000-00-00 00:00:00";"";"0000-00-00 00:00:00";"";"E";36;"WRZ 4";"";"";"";"";"";"";"EAL DLRG WE";"f";"";"Abfahrt von Rastplatz am Haarstrang\
&uuml;ber BAB 44 in Richtung Tangerm&uuml;nde";"2022-10-01 14:37:00";"WRZ 4";"";"";"2022-10-01 14:37:00";"fm1";"S2_rt,EL_bl,UEL_bl,S1S4_bl,S3S6_bl,S5_bl,";"";\N;8;"t";"f";"";"t";"0000-00-00 00:00:00";"2022-10-01 14:36:58"
37;"";"0000-00-00 00:00:00";"";"2022-10-01 14:41:00";"";"2022-10-01 14:44:00";"fm2";"A";37;"";"";"";"";"";"";"";"WRZ 6";"f";"";"Ein Hinweis aus der Einsatzleitung:\
Auf der A4 befindet sich in H&ouml;he Alsfeld eine Baustelle,\
Sonderrechte sind vom MiK nicht freigegeben!";"2022-10-01 14:41:00";"EAL DLRG WE";"el";"EL";"2022-10-01 14:44:00";"fm2";"S2_rt,EL_gn,UEL_bl,S1S4_bl,S3S6_bl,S5_bl,";"";\N;8;"t";"f";"";"t";"0000-00-00 00:00:00";"2022-10-01 14:43:47"
38;"Fu";"2022-10-01 14:44:00";"fm2";"0000-00-00 00:00:00";"";"0000-00-00 00:00:00";"";"E";38;"WRZ 6";"";"";"";"";"";"";"EAL DLRG WE  EL";"f";"";"Zitat: von A 37 \
&quot;Ein Hinweis aus der Einsatzleitung:\
Auf der A4 befindet sich in H&ouml;he Alsfeld eine Baustelle,\
Sonderrechte sind vom MiK nicht freigegeben!&quot;\
\
Keine verst&auml;ndigung\
";"2022-10-01 14:44:00";"WRZ 6";"el";"EL";"2022-10-01 14:44:00";"fm2";"S2_rt,";"";\N;8;"t";"f";"";"t";"0000-00-00 00:00:00";"2022-10-01 14:44:20"
39;"Fu";"2022-10-01 15:23:00";"fm2";"0000-00-00 00:00:00";"";"0000-00-00 00:00:00";"";"E";39;"WRZ6";"";"";"";"";"";"";"EAL DLRG WE";"f";"";"14.15 Uhr Abmarsch zur Sch&uuml;tzenhalle";"2022-10-01 15:23:00";"WRZ8";"";"";"2022-10-01 15:23:00";"fm2";"S2_rt,EL_bl,UEL_bl,S1S4_bl,S3S6_bl,S5_bl,";"";\N;8;"t";"f";"";"t";"0000-00-00 00:00:00";"2022-10-01 15:22:37"
40;"Fu";"2022-10-01 15:24:00";"fm1";"0000-00-00 00:00:00";"";"0000-00-00 00:00:00";"";"E";40;"WRZ 8";"";"";"";"";"";"";"EAL DLRG WE";"f";"";"Abfahrt zum Bereitstellungsraum,\
St&auml;rke 1/1/2//4";"2022-10-01 15:24:00";"WRZ 8";"";"";"2022-10-01 15:24:00";"fm1";"S2_rt,EL_bl,UEL_bl,S1S4_bl,S3S6_bl,S5_bl,";"";\N;8;"t";"f";"";"t";"0000-00-00 00:00:00";"2022-10-01 15:23:55"
41;"Fu";"2022-10-01 15:25:00";"fm2";"0000-00-00 00:00:00";"";"0000-00-00 00:00:00";"";"E";41;"WRZ4";"";"";"";"";"";"";"EAL DLRG WE";"f";"";"15.23 Uhr Abmarsch zur Sch&uuml;tzenhalle\
1/1/4//4";"2022-10-01 15:25:00";"WRZ4";"";"";"2022-10-01 15:25:00";"fm2";"S2_rt,EL_bl,UEL_bl,S1S4_bl,S3S6_bl,S5_bl,";"";\N;8;"t";"f";"";"t";"0000-00-00 00:00:00";"2022-10-01 15:24:48"
42;"Fu";"2022-10-01 15:27:00";"fm1";"0000-00-00 00:00:00";"";"0000-00-00 00:00:00";"";"E";42;"WRZ 7";"";"";"";"";"";"";"EAL DLRG WE";"f";"";"Abfahrt zum Bereitstellungsraum 011513okt22,\
Ankunft um 011523okt22,\
St&auml;rke 1/1/2//4\
";"2022-10-01 15:27:00";"WRZ 7";"";"";"2022-10-01 15:27:00";"fm1";"S2_rt,EL_bl,UEL_bl,S1S4_bl,S3S6_bl,S5_bl,";"";\N;8;"t";"f";"";"t";"0000-00-00 00:00:00";"2022-10-01 15:26:38"
43;"Fu";"2022-10-01 15:27:00";"fm2";"0000-00-00 00:00:00";"";"0000-00-00 00:00:00";"";"E";43;"WRZ 4                                                                           ";"";"";"";"";"";"";"EAL DLRG WE";"f";"";"Eintreffen Sch&uuml;tzenhalle";"2022-10-01 15:27:00";"WRZ4";"";"";"2022-10-01 15:27:00";"fm2";"S2_rt,EL_bl,UEL_bl,S1S4_bl,S3S6_bl,S5_bl,";"";\N;8;"t";"f";"";"t";"0000-00-00 00:00:00";"2022-10-01 15:27:04"
44;"Fu";"2022-10-01 15:29:00";"fm2";"0000-00-00 00:00:00";"";"0000-00-00 00:00:00";"";"E";44;"WRZ7";"";"";"";"";"";"";"EAL DLRG WE";"f";"";"Eintreffen";"2022-10-01 15:29:00";"WRZ 7";"";"";"2022-10-01 15:29:00";"fm2";"S2_rt,EL_bl,UEL_bl,S1S4_bl,S3S6_bl,S5_bl,";"";\N;8;"t";"f";"";"t";"0000-00-00 00:00:00";"2022-10-01 15:28:53"
45;"Fu";"2022-10-01 15:30:00";"fm1";"0000-00-00 00:00:00";"";"0000-00-00 00:00:00";"";"E";45;"WRZ 6 ";"";"";"";"";"";"";"EAL DLRG WE";"f";"";"Ankunft im Bereitstellungsraum um 011524okt22";"2022-10-01 15:30:00";"WRZ 6";"";"";"2022-10-01 15:30:00";"fm1";"S2_rt,EL_bl,UEL_bl,S1S4_bl,S3S6_bl,S5_bl,";"";\N;8;"t";"f";"";"t";"0000-00-00 00:00:00";"2022-10-01 15:30:01"
46;"";"0000-00-00 00:00:00";"";"2022-10-01 15:30:00";"";"2022-10-01 15:34:00";"fm1";"A";46;"";"";"";"";"";"";"";"WRZ 5";"f";"";"- Standort?\
- St&auml;rke?";"2022-10-01 15:30:00";"EAL DLRG WE";"el";"EL";"2022-10-01 15:34:00";"fm1";"S2_rt,EL_gn,UEL_bl,S1S4_bl,S3S6_bl,S5_bl,";"";\N;8;"t";"f";"";"t";"0000-00-00 00:00:00";"2022-10-01 15:33:42"
47;"Fu";"2022-10-01 15:31:00";"fm1";"0000-00-00 00:00:00";"";"0000-00-00 00:00:00";"";"E";47;"WRZ 8";"";"";"";"";"";"";"EAL DLRG WE";"f";"";"Ankunft im Bereitstellungsraum um 011526okt22,\
Beginn Erkundung";"2022-10-01 15:31:00";"WRZ 8";"";"";"2022-10-01 15:31:00";"fm1";"S2_rt,EL_bl,UEL_bl,S1S4_bl,S3S6_bl,S5_bl,";"";\N;8;"t";"f";"";"t";"0000-00-00 00:00:00";"2022-10-01 15:30:48"
48;"";"0000-00-00 00:00:00";"";"2022-10-01 15:31:00";"";"2022-10-01 15:33:00";"fm2";"A";48;"";"";"";"";"";"";"";"WRZ 6";"f";"";"St&auml;rke?";"2022-10-01 15:31:00";"EAL DLRG WE";"el";"EL";"2022-10-01 15:33:00";"fm2";"S2_rt,EL_gn,UEL_bl,S1S4_bl,S3S6_bl,S5_bl,";"";\N;8;"t";"f";"";"t";"0000-00-00 00:00:00";"2022-10-01 15:32:46"
49;"Fu";"2022-10-01 15:33:00";"fm2";"0000-00-00 00:00:00";"";"0000-00-00 00:00:00";"";"E";49;"WRZ6";"";"";"";"";"";"";"EAL DLRG WE  EL";"f";"";"Zitat: von A 48 \
&quot;St&auml;rke?&quot;\
1/1/2//4";"2022-10-01 15:33:00";"WRZ 6";"el";"EL";"2022-10-01 15:33:00";"fm2";"S2_rt,";"";\N;8;"t";"f";"";"t";"0000-00-00 00:00:00";"2022-10-01 15:33:15"
50;"Fu";"2022-10-01 15:34:00";"fm1";"0000-00-00 00:00:00";"";"0000-00-00 00:00:00";"";"E";50;"WRZ 5";"";"";"";"";"";"";"EAL DLRG WE  EL";"f";"";"Zitat: von A 46 \
&quot;- Standort?\
- St&auml;rke?&quot;\
\
Antwort:\
Standort: Im Bereitstellungsraum,\
St&auml;rke: 1/1/2//4";"2022-10-01 15:34:00";"WRZ 5";"el";"EL";"2022-10-01 15:34:00";"fm1";"S2_rt,";"";\N;8;"t";"f";"";"t";"0000-00-00 00:00:00";"2022-10-01 15:34:34"
51;"Fu";"2022-10-01 15:39:00";"fm2";"0000-00-00 00:00:00";"";"0000-00-00 00:00:00";"";"E";51;"WRZ6";"";"";"";"";"";"";"EAL DLRG WE";"f";"";"Koordinaten: 32U4457557224";"2022-10-01 15:39:00";"WRZ6";"";"";"2022-10-01 15:39:00";"fm2";"S2_rt,EL_bl,UEL_bl,S1S4_bl,S3S6_bl,S5_bl,";"";\N;8;"t";"f";"";"t";"0000-00-00 00:00:00";"2022-10-01 15:39:31"
52;"Fu";"2022-10-01 15:44:00";"fm2";"0000-00-00 00:00:00";"";"0000-00-00 00:00:00";"";"E";52;"WRZ7";"";"";"";"";"";"";"EAL DLRG WE";"f";"";"Koordinaten: 32UMC45952233";"2022-10-01 15:44:00";"WRZ7";"";"";"2022-10-01 15:44:00";"fm2";"S2_rt,EL_bl,UEL_bl,S1S4_bl,S3S6_bl,S5_bl,";"";\N;8;"t";"f";"";"t";"0000-00-00 00:00:00";"2022-10-01 15:43:38"
53;"";"0000-00-00 00:00:00";"";"2022-10-01 15:46:00";"";"2022-10-01 15:50:00";"fm1";"A";53;"";"";"";"";"";"";"";"WRZ 5";"f";"";"Erkunden Sie, ob zus&auml;tzlich Platz f&uuml;r eine Bereitschaft der Bezirksregierung DT zur Verf&uuml;gung steht";"2022-10-01 15:46:00";"EAL DLRG WE";"el";"EL";"2022-10-01 15:50:00";"fm1";"S2_rt,EL_gn,UEL_bl,S1S4_bl,S3S6_bl,S5_bl,";"";\N;8;"t";"f";"";"t";"0000-00-00 00:00:00";"2022-10-01 15:50:29"
54;"Fu";"2022-10-01 15:51:00";"fm1";"0000-00-00 00:00:00";"";"0000-00-00 00:00:00";"";"E";54;"WRZ 5";"";"";"";"";"";"";"EAL DLRG WE  EL";"f";"";"Zitat: von A 53 \
&quot;Erkunden Sie, ob zus&auml;tzlich Platz f&uuml;r eine Bereitschaft der Bezirksregierung DT zur Verf&uuml;gung steht&quot;\
\
Antwort: \
Es steht kein Platz zur Verf&uuml;gung.";"2022-10-01 15:51:00";"WRZ 5";"el";"EL";"2022-10-01 15:51:00";"fm1";"S2_rt,";"";\N;8;"t";"f";"";"t";"0000-00-00 00:00:00";"2022-10-01 15:50:57"
55;"Fu";"2022-10-01 15:54:00";"fm2";"0000-00-00 00:00:00";"";"0000-00-00 00:00:00";"";"E";55;"WRZ8";"";"";"";"";"";"";"EAL DLRG WE";"f";"";"Koordinaten: 32U MC 4599422322";"2022-10-01 15:54:00";"WRZ8";"";"";"2022-10-01 15:54:00";"fm2";"S2_rt,EL_bl,UEL_bl,S1S4_bl,S3S6_bl,S5_bl,";"";\N;8;"t";"f";"";"t";"0000-00-00 00:00:00";"2022-10-01 15:53:50"
56;"Fu";"2022-10-01 15:56:00";"fm2";"0000-00-00 00:00:00";"";"0000-00-00 00:00:00";"";"E";56;"WRZ4";"";"";"";"";"";"";"EAL DLRG WE";"f";"";"R&uuml;ckmarsch";"2022-10-01 15:56:00";"WRZ4";"";"";"2022-10-01 15:56:00";"fm2";"S2_rt,EL_bl,UEL_bl,S1S4_bl,S3S6_bl,S5_bl,";"";\N;8;"t";"f";"";"t";"0000-00-00 00:00:00";"2022-10-01 15:56:30"
57;"Fu";"2022-10-01 15:59:00";"fm2";"0000-00-00 00:00:00";"";"0000-00-00 00:00:00";"";"E";57;"WRZ3";"";"";"";"";"";"";"EAL DLRG WE";"f";"";"Platz f&uuml;r 3. WRZ vorhanden";"2022-10-01 15:59:00";"WRZ3";"";"";"2022-10-01 15:59:00";"fm2";"S2_rt,EL_bl,UEL_bl,S1S4_bl,S3S6_bl,S5_bl,";"";\N;8;"t";"f";"";"t";"0000-00-00 00:00:00";"2022-10-01 15:58:48"
58;"Fu";"2022-10-01 16:03:00";"fm2";"0000-00-00 00:00:00";"";"0000-00-00 00:00:00";"";"E";58;"WRZ 8";"";"";"";"";"";"";"EAL DLRG WE";"f";"";"R&uuml;ckmarsch";"2022-10-01 16:03:00";"WRZ4";"";"";"2022-10-01 16:03:00";"fm2";"S2_rt,EL_bl,UEL_bl,S1S4_bl,S3S6_bl,S5_bl,";"";\N;8;"t";"f";"";"t";"0000-00-00 00:00:00";"2022-10-01 16:03:15"
59;"Fu";"2022-10-01 16:04:00";"fm1";"0000-00-00 00:00:00";"";"0000-00-00 00:00:00";"";"E";59;"WRZ 5";"";"";"";"";"";"";"EAL DLRG WE";"f";"";"Auftrag beendet und Beginn Einr&uuml;cken";"2022-10-01 16:04:00";"WRZ 5";"";"";"2022-10-01 16:04:00";"fm1";"S2_rt,EL_bl,UEL_bl,S1S4_bl,S3S6_bl,S5_bl,";"";\N;8;"t";"f";"";"t";"0000-00-00 00:00:00";"2022-10-01 16:04:17"
60;"Fu";"2022-10-01 16:04:00";"fm2";"0000-00-00 00:00:00";"";"0000-00-00 00:00:00";"";"E";60;"WRZ4";"";"";"";"";"";"";"EAL DLRG WE";"f";"";"Eintreffen Unterkunft";"2022-10-01 16:04:00";"WRZ4";"";"";"2022-10-01 16:04:00";"fm2";"S2_rt,EL_bl,UEL_bl,S1S4_bl,S3S6_bl,S5_bl,";"";\N;8;"t";"f";"";"t";"0000-00-00 00:00:00";"2022-10-01 16:04:17"
61;"Fu";"2022-10-01 16:05:00";"fm2";"0000-00-00 00:00:00";"";"0000-00-00 00:00:00";"";"E";61;"WRZ7";"";"";"";"";"";"";"EAL DLRG WE";"f";"";"R&uuml;ckmarsch";"2022-10-01 16:05:00";"WRZ7";"";"";"2022-10-01 16:05:00";"fm2";"S2_rt,EL_bl,UEL_bl,S1S4_bl,S3S6_bl,S5_bl,";"";\N;8;"t";"f";"";"t";"0000-00-00 00:00:00";"2022-10-01 16:05:28"
62;"Fu";"2022-10-01 16:08:00";"fm2";"0000-00-00 00:00:00";"";"0000-00-00 00:00:00";"";"E";62;"WRZ4";"";"";"";"";"";"";"EAL DLRG WE";"f";"";"Koordinaten: 32U4450007572300004";"2022-10-01 16:08:00";"WRZ4";"";"";"2022-10-01 16:08:00";"fm2";"S2_rt,EL_bl,UEL_bl,S1S4_bl,S3S6_bl,S5_bl,";"";\N;8;"t";"f";"";"t";"0000-00-00 00:00:00";"2022-10-01 16:08:06"
63;"Fu";"2022-10-01 16:08:00";"fm1";"0000-00-00 00:00:00";"";"0000-00-00 00:00:00";"";"E";63;"WRZ 6";"";"";"";"";"";"";"EAL DLRG WE";"f";"";"Auftrag abgeschlossen,\
Beginn Einr&uuml;cken";"2022-10-01 16:08:00";"WRZ 6";"";"";"2022-10-01 16:08:00";"fm1";"S2_rt,EL_bl,UEL_bl,S1S4_bl,S3S6_bl,S5_bl,";"";\N;8;"t";"f";"";"t";"0000-00-00 00:00:00";"2022-10-01 16:08:16"
64;"Fu";"2022-10-01 16:09:00";"fm2";"0000-00-00 00:00:00";"";"0000-00-00 00:00:00";"";"E";64;"WRZ8";"";"";"";"";"";"";"EAL DLRG WE";"f";"";"Eintreffen Unterkunft";"2022-10-01 16:09:00";"WRZ8";"";"";"2022-10-01 16:09:00";"fm2";"S2_rt,EL_bl,UEL_bl,S1S4_bl,S3S6_bl,S5_bl,";"";\N;8;"t";"f";"";"t";"0000-00-00 00:00:00";"2022-10-01 16:09:08"
65;"Fu";"2022-10-01 16:13:00";"fm2";"0000-00-00 00:00:00";"";"0000-00-00 00:00:00";"";"E";65;"WRZ7";"";"";"";"";"";"";"EAL DLRG WE";"f";"";"Eintreffen Unterkunft";"2022-10-01 00:00:00";"WRZ7";"";"";"2022-10-01 16:13:00";"fm2";"S2_rt,EL_bl,UEL_bl,S1S4_bl,S3S6_bl,S5_bl,";"";\N;8;"t";"f";"";"t";"0000-00-00 00:00:00";"2022-10-01 16:13:33"
66;"Fu";"2022-10-01 16:15:00";"fm1";"0000-00-00 00:00:00";"";"0000-00-00 00:00:00";"";"E";66;"WRZ 5";"";"";"";"";"";"";"EAL DLRG WE";"f";"";"Eintreffen Unterkunft";"2022-10-01 16:15:00";"WRZ 5";"";"";"2022-10-01 16:15:00";"fm1";"S2_rt,EL_bl,UEL_bl,S1S4_bl,S3S6_bl,S5_bl,";"";\N;8;"t";"f";"";"t";"0000-00-00 00:00:00";"2022-10-01 16:14:40"
67;"Fu";"2022-10-01 16:15:00";"fm2";"0000-00-00 00:00:00";"";"0000-00-00 00:00:00";"";"E";67;"WRZ6";"";"";"";"";"";"";"EAL DLRG WE";"f";"";"Eintreffen Unterkunft";"2022-10-01 16:15:00";"WRZ6";"";"";"2022-10-01 16:15:00";"fm2";"S2_rt,EL_bl,UEL_bl,S1S4_bl,S3S6_bl,S5_bl,";"";\N;8;"t";"f";"";"t";"0000-00-00 00:00:00";"2022-10-01 16:15:22"
68;"Fu";"2022-10-01 16:51:00";"fm1";"0000-00-00 00:00:00";"";"0000-00-00 00:00:00";"";"E";68;"WRZ 4";"";"";"";"";"";"";"EAL DLRG WE";"f";"";"WRZ 4 beginnt Einsatz";"2022-10-01 16:51:00";"WRZ 4";"";"";"2022-10-01 16:51:00";"fm1";"S2_rt,EL_bl,UEL_bl,S1S4_bl,S3S6_bl,S5_bl,";"";\N;8;"t";"f";"";"t";"0000-00-00 00:00:00";"2022-10-01 16:51:16"
69;"Fu";"2022-10-01 16:52:00";"fm1";"0000-00-00 00:00:00";"";"0000-00-00 00:00:00";"";"E";69;"WRZ 5";"";"";"";"";"";"";"EAL DLRG WE";"f";"";"Unterwegs zur Einsatzstelle";"2022-10-01 16:52:00";"WRZ 5";"";"";"2022-10-01 16:52:00";"fm1";"S2_rt,EL_bl,UEL_bl,S1S4_bl,S3S6_bl,S5_bl,";"";\N;8;"t";"f";"";"t";"0000-00-00 00:00:00";"2022-10-01 16:52:29"
70;"Fu";"2022-10-01 16:54:00";"fm2";"0000-00-00 00:00:00";"";"0000-00-00 00:00:00";"";"E";70;"WRZ8";"";"";"";"";"";"";"EAL DLRG WE";"f";"";"Abmarsch zum Einsatzort";"2022-10-01 16:54:00";"WRZ8";"";"";"2022-10-01 16:54:00";"fm2";"S2_rt,EL_bl,UEL_bl,S1S4_bl,S3S6_bl,S5_bl,";"";\N;8;"t";"f";"";"t";"0000-00-00 00:00:00";"2022-10-01 16:54:01"
71;"Fu";"2022-10-01 16:54:00";"fm1";"0000-00-00 00:00:00";"";"0000-00-00 00:00:00";"";"E";71;"WRZ 4";"";"";"";"";"";"";"EAL DLRG WE";"f";"";"E-Stelle an";"2022-10-01 16:54:00";"WRZ 4";"";"";"2022-10-01 16:54:00";"fm1";"S2_rt,EL_bl,UEL_bl,S1S4_bl,S3S6_bl,S5_bl,";"";\N;8;"t";"f";"";"t";"0000-00-00 00:00:00";"2022-10-01 16:54:18"
72;"Fu";"2022-10-01 16:55:00";"fm2";"0000-00-00 00:00:00";"";"0000-00-00 00:00:00";"";"E";72;"WRZ8";"";"";"";"";"";"";"EAL DLRG WE";"f";"";"Abmarsch zum Einsatzort";"2022-10-01 16:55:00";"WRZ8";"";"";"2022-10-01 16:55:00";"fm2";"S2_rt,EL_bl,UEL_bl,S1S4_bl,S3S6_bl,S5_bl,";"";\N;8;"t";"f";"";"t";"0000-00-00 00:00:00";"2022-10-01 16:55:09"
73;"Fu";"2022-10-01 16:56:00";"fm2";"0000-00-00 00:00:00";"";"0000-00-00 00:00:00";"";"E";73;"WRZ6";"";"";"";"";"";"";"EAL DLRG WE";"f";"";"Abmarsch zum Einsatzort 16:48\
Eintreffen 16:50";"2022-10-01 16:56:00";"WRZ6";"";"";"2022-10-01 16:56:00";"fm2";"S2_rt,EL_bl,UEL_bl,S1S4_bl,S3S6_bl,S5_bl,";"";\N;8;"t";"f";"";"t";"0000-00-00 00:00:00";"2022-10-01 16:56:02"
74;"Fu";"2022-10-01 16:57:00";"fm1";"0000-00-00 00:00:00";"";"0000-00-00 00:00:00";"";"E";74;"WRZ 5";"";"";"";"";"";"";"EAL DLRG WE";"f";"";"E-Stelle an";"2022-10-01 16:57:00";"WRZ 5";"";"";"2022-10-01 16:57:00";"fm1";"S2_rt,EL_bl,UEL_bl,S1S4_bl,S3S6_bl,S5_bl,";"";\N;8;"t";"f";"";"t";"0000-00-00 00:00:00";"2022-10-01 16:56:44"
75;"Fu";"2022-10-01 17:14:00";"fm1";"0000-00-00 00:00:00";"";"0000-00-00 00:00:00";"";"E";75;"WRZ 5";"";"";"";"";"";"";"EAL DLRG WE";"f";"";"Anforderung 8800 Sands&auml;cke zu Koordinaten 32U35915726\
";"2022-10-01 17:14:00";"WRZ 5";"";"";"2022-10-01 17:14:00";"fm1";"S2_rt,EL_bl,UEL_bl,S1S4_bl,S3S6_bl,S5_bl,";"";\N;8;"t";"f";"";"t";"0000-00-00 00:00:00";"2022-10-01 17:13:45"
76;"Fu";"2022-10-01 17:17:00";"fm1";"0000-00-00 00:00:00";"";"0000-00-00 00:00:00";"";"E";76;"WRZ 4";"";"";"";"";"";"";"Florian Dorsten 1ELW 1-2";"f";"";"Materialanforderung:\
10.000 Sands&auml;cke,\
20 Rollen Folie a 20m L&auml;nge";"2022-10-01 17:17:00";"WRZ 4";"";"";"2022-10-01 17:17:00";"fm1";"S2_rt,EL_bl,UEL_bl,S1S4_bl,S3S6_bl,S5_bl,";"";\N;8;"t";"f";"";"t";"0000-00-00 00:00:00";"2022-10-01 17:16:39"
77;"Fu";"2022-10-01 17:17:00";"fm2";"0000-00-00 00:00:00";"";"0000-00-00 00:00:00";"";"E";77;"WRZ7";"";"";"";"";"";"";"Florian Dorsten 1 ELW 12";"f";"";"Frage nach Pegel: ";"2022-10-01 17:17:00";"WRZ7";"";"";"2022-10-01 17:17:00";"fm2";"S2_rt,EL_bl,UEL_bl,S1S4_bl,S3S6_bl,S5_bl,";"";\N;8;"t";"f";"";"t";"0000-00-00 00:00:00";"2022-10-01 17:17:06"
78;"Fu";"2022-10-01 17:18:00";"fm1";"0000-00-00 00:00:00";"";"0000-00-00 00:00:00";"";"E";78;"WRZ 5";"";"";"";"";"";"";"Florian Dorsten 1 ELW 1-2";"f";"";"ben&ouml;tigt MA des Gr&uuml;nfl&auml;chenamtes";"2022-10-01 17:18:00";"WRZ 5";"";"";"2022-10-01 17:18:00";"fm1";"S2_rt,EL_bl,UEL_bl,S1S4_bl,S3S6_bl,S5_bl,";"";\N;8;"t";"f";"";"t";"0000-00-00 00:00:00";"2022-10-01 17:18:31"
79;"Fu";"2022-10-01 17:21:00";"fm2";"0000-00-00 00:00:00";"";"0000-00-00 00:00:00";"";"E";79;"WRZ7";"";"";"";"";"";"";"Florian Dorsten 1 ELW 12";"f";"";"Anforderung 23 Folien a 20 m\
9000 Sands&auml;cke\
1 WRZ\
1 Bergungszug THW mit Radlader\
Koordinaten folgen";"2022-10-01 17:21:00";"WRZ7";"";"";"2022-10-01 17:21:00";"fm2";"S2_rt,EL_bl,UEL_bl,S1S4_bl,S3S6_bl,S5_bl,";"";\N;8;"t";"f";"";"t";"0000-00-00 00:00:00";"2022-10-01 17:21:03"
80;"Fu";"2022-10-01 17:22:00";"fm1";"0000-00-00 00:00:00";"";"0000-00-00 00:00:00";"";"E";80;"WRZ 6";"";"";"";"";"";"";"Florian Dorsten 1 ELW 1-2";"f";"";"Materialanforderung:\
20 Folien,\
8800 Sands&auml;cke,\
2 Stangen 6-7m";"2022-10-01 17:22:00";"WRZ 6";"";"";"2022-10-01 17:22:00";"fm1";"S2_rt,EL_bl,UEL_bl,S1S4_bl,S3S6_bl,S5_bl,";"";\N;8;"t";"f";"";"t";"0000-00-00 00:00:00";"2022-10-01 17:22:19"
81;"Fu";"2022-10-01 17:25:00";"fm2";"0000-00-00 00:00:00";"";"0000-00-00 00:00:00";"";"E";81;"WRZ7";"";"";"";"";"";"";"Florian Dorsten 1 ELW 12";"f";"";"Koordinaten f&uuml;r die lieferung: 32U3587355725898";"2022-10-01 17:25:00";"WRZ7";"";"";"2022-10-01 17:25:00";"fm2";"S2_rt,EL_bl,UEL_bl,S1S4_bl,S3S6_bl,S5_bl,";"";\N;8;"t";"f";"";"t";"0000-00-00 00:00:00";"2022-10-01 17:24:56"
82;"Fu";"2022-10-01 17:28:00";"fm2";"0000-00-00 00:00:00";"";"0000-00-00 00:00:00";"";"E";82;"WRZ8";"";"";"";"";"";"";"Florian Dorsten 1 ELW 12";"f";"";"Anforderung:\
10 Kisten getr&auml;nke\
20 Rohre\
400 x 5 m laufende Folie\
9000 Sands&auml;cke";"2022-10-01 17:28:00";"WRZ8";"";"";"2022-10-01 17:28:00";"fm2";"S2_rt,EL_bl,UEL_bl,S1S4_bl,S3S6_bl,S5_bl,";"";\N;8;"t";"f";"";"t";"0000-00-00 00:00:00";"2022-10-01 17:29:19"
83;"Fu";"2022-10-01 17:30:00";"fm1";"0000-00-00 00:00:00";"";"0000-00-00 00:00:00";"";"E";83;"WRZ 5";"";"";"";"";"";"";"Florian Dorsten 1 ELW 1-2";"f";"";"Materialanforderung:\
Folie: 500m L&auml;nge, 6m Breite,\
drei Stahlstangen: 8m L&auml;nge           ";"2022-10-01 17:30:00";"WRZ 5";"";"";"2022-10-01 17:30:00";"fm1";"S2_rt,EL_bl,UEL_bl,S1S4_bl,S3S6_bl,S5_bl,";"";\N;8;"t";"f";"";"t";"0000-00-00 00:00:00";"2022-10-01 17:30:24"
84;"Fu";"2022-10-01 17:32:00";"fm2";"0000-00-00 00:00:00";"";"0000-00-00 00:00:00";"";"E";84;"WRZ4";"";"";"";"";"";"";"Florian Dorsten 1 ELW1 2";"f";"";"Frage nach Erreichen Anforderung\
Lieferung zu Invert 65";"2022-10-01 17:32:00";"WRZ4";"";"";"2022-10-01 17:32:00";"fm2";"S2_rt,EL_bl,UEL_bl,S1S4_bl,S3S6_bl,S5_bl,";"";\N;8;"t";"f";"";"t";"0000-00-00 00:00:00";"2022-10-01 17:32:18"
85;"Fu";"2022-10-01 17:33:00";"fm1";"0000-00-00 00:00:00";"";"0000-00-00 00:00:00";"";"E";85;"WRZ 8";"";"";"";"";"";"";"Florian Dorsten 1 ELW 1-2";"f";"";"Frage: Slippstelle bekannt?";"2022-10-01 17:33:00";"WRZ 8";"";"";"2022-10-01 17:33:00";"fm1";"S2_rt,EL_bl,UEL_bl,S1S4_bl,S3S6_bl,S5_bl,";"";\N;8;"t";"f";"";"t";"0000-00-00 00:00:00";"2022-10-01 17:33:02"
86;"Fu";"2022-10-01 17:34:00";"fm2";"0000-00-00 00:00:00";"";"0000-00-00 00:00:00";"";"E";86;"WRZ6";"";"";"";"";"";"";"Florian Dorsten 1 ELW1 2";"f";"";"Ben&ouml;tigt wird eine Dekon Einheit der FW";"2022-10-01 17:34:00";"WRZ6";"";"";"2022-10-01 17:34:00";"fm2";"S2_rt,EL_bl,UEL_bl,S1S4_bl,S3S6_bl,S5_bl,";"";\N;8;"t";"f";"";"t";"0000-00-00 00:00:00";"2022-10-01 17:34:05"
87;"Fu";"2022-10-01 17:53:00";"fm1";"0000-00-00 00:00:00";"";"0000-00-00 00:00:00";"";"E";87;"WRZ 7";"";"";"";"";"";"";"EAL DLRG WE";"f";"";"Einsatz &uuml;bernommen";"2022-10-01 17:53:00";"WRZ 7";"";"";"2022-10-01 17:53:00";"fm1";"S2_rt,EL_bl,UEL_bl,S1S4_bl,S3S6_bl,S5_bl,";"";\N;8;"t";"f";"";"t";"0000-00-00 00:00:00";"2022-10-01 17:53:23"
88;"Fu";"2022-10-01 17:57:00";"fm1";"0000-00-00 00:00:00";"";"0000-00-00 00:00:00";"";"E";88;"WRZ 6";"";"";"";"";"";"";"EAL DLRG WE";"f";"";"Frage: Zust&auml;ndige EAL?\
";"2022-10-01 17:57:00";"WRZ 6";"";"";"2022-10-01 17:57:00";"fm1";"S2_rt,EL_bl,UEL_bl,S1S4_bl,S3S6_bl,S5_bl,";"";\N;8;"t";"f";"";"t";"0000-00-00 00:00:00";"2022-10-01 17:57:20"
89;"Fu";"2022-10-01 17:58:00";"fm2";"0000-00-00 00:00:00";"";"0000-00-00 00:00:00";"";"E";89;"WRZ7";"";"";"";"";"";"";"Florian Dorsten 1 ELW1 2";"f";"";"Material eingetroffen,\
Sicherungsarbeit";"2022-10-01 17:58:00";"WRZ7";"";"";"2022-10-01 17:58:00";"fm2";"S2_rt,EL_bl,UEL_bl,S1S4_bl,S3S6_bl,S5_bl,";"";\N;8;"t";"f";"";"t";"0000-00-00 00:00:00";"2022-10-01 17:58:04"
90;"Fu";"2022-10-01 17:59:00";"fm1";"0000-00-00 00:00:00";"";"0000-00-00 00:00:00";"";"E";90;"WRZ 8";"";"";"";"";"";"";"EAL DLRG WE";"f";"";"Meldung: Eintreffen E-Stelle\
Frage: Zust&auml;ndige EAL?\
Antwort: Florian Dorsten 1 ELW 1-2 ist zust&auml;ndig";"2022-10-01 17:59:00";"WRZ 8";"";"";"2022-10-01 17:59:00";"fm1";"S2_rt,EL_bl,UEL_bl,S1S4_bl,S3S6_bl,S5_bl,";"";\N;8;"t";"f";"";"t";"0000-00-00 00:00:00";"2022-10-01 17:59:19"
91;"Fu";"2022-10-01 18:00:00";"fm2";"0000-00-00 00:00:00";"";"0000-00-00 00:00:00";"";"E";91;"WRZ4";"";"";"";"";"";"";"Florian Dorsten 1 ELW1 2";"f";"";"Beginnen mit den Sicherungsarbeiten";"2022-10-01 18:00:00";"WRZ4";"";"";"2022-10-01 18:00:00";"fm2";"S2_rt,EL_bl,UEL_bl,S1S4_bl,S3S6_bl,S5_bl,";"";\N;8;"t";"f";"";"t";"0000-00-00 00:00:00";"2022-10-01 17:59:56"
92;"Fu";"2022-10-01 18:03:00";"fm2";"0000-00-00 00:00:00";"";"0000-00-00 00:00:00";"";"E";92;"WRZ6";"";"";"";"";"";"";"Florian Dorsten 1 ELW1 2";"f";"";"Eintreffen am Einsatzort und Beginn der ma&szlig;nahmen";"2022-10-01 18:03:00";"WRZ6";"";"";"2022-10-01 18:03:00";"fm2";"S2_rt,EL_bl,UEL_bl,S1S4_bl,S3S6_bl,S5_bl,";"";\N;8;"t";"f";"";"t";"0000-00-00 00:00:00";"2022-10-01 18:02:38"
93;"Fu";"2022-10-01 18:05:00";"fm1";"0000-00-00 00:00:00";"";"0000-00-00 00:00:00";"";"E";93;"WRZ 7";"";"";"";"";"";"";"Florian Dorsten 1 ELW 1-2";"f";"";"Frage: Flie&szlig;geschwindigkeit und Pegelst&auml;nde\
Antwort: Befindet sich in Kl&auml;rung";"2022-10-01 18:05:00";"WRZ 7";"";"";"2022-10-01 18:05:00";"fm1";"S2_rt,EL_bl,UEL_bl,S1S4_bl,S3S6_bl,S5_bl,";"";\N;8;"t";"f";"";"t";"0000-00-00 00:00:00";"2022-10-01 18:05:12"
94;"Fu";"2022-10-01 18:05:00";"fm2";"0000-00-00 00:00:00";"";"0000-00-00 00:00:00";"";"E";94;"WRZ8";"";"";"";"";"";"";"Florian Dorsten 1 ELW1 2";"f";"";"Fragen anch\
1 Flie&szlig;gewschindigkeit\
2 Pegelstand\
3 Ver&auml;nderungen\
4 Slipstelle\
";"2022-10-01 18:05:00";"WRZ8";"";"";"2022-10-01 18:05:00";"fm2";"S2_rt,EL_bl,UEL_bl,S1S4_bl,S3S6_bl,S5_bl,";"";\N;8;"t";"f";"";"t";"0000-00-00 00:00:00";"2022-10-01 18:05:27"
95;"";"0000-00-00 00:00:00";"";"2022-10-01 18:07:00";"";"2022-10-01 18:09:00";"fm1";"A";95;"";"";"";"";"";"";"";"WRZ 5";"f";"";"Zur Information: Es treibt ein Gastank auf dem Kanal, m&ouml;glichst aufnehmen und Sichern! ";"2022-10-01 18:07:00";"Florian Dorsten 1 ELW1-2";"el";"EL";"2022-10-01 18:09:00";"fm1";"S2_rt,EL_gn,UEL_bl,S1S4_bl,S3S6_bl,S5_bl,";"";\N;8;"t";"f";"";"t";"0000-00-00 00:00:00";"2022-10-01 18:09:01"
96;"Fu";"2022-10-01 18:09:00";"fm1";"0000-00-00 00:00:00";"";"0000-00-00 00:00:00";"";"E";96;"WRZ 5";"";"";"";"";"";"";"Florian Dorsten 1 ELW1-2  EL";"f";"";"Zitat: von A 95 \
&quot;Zur Information: Es treibt ein Gastank auf dem Kanal, m&ouml;glichst aufnehmen und Sichern! &quot;\
\
Frage: Gr&ouml;&szlig;e und Kilometrierung?\
Antwort: negativ\
";"2022-10-01 18:09:00";"WRZ 5";"el";"EL";"2022-10-01 18:09:00";"fm1";"S2_rt,";"";\N;8;"t";"f";"";"t";"0000-00-00 00:00:00";"2022-10-01 18:09:37"
97;"Fu";"2022-10-01 18:16:00";"fm1";"0000-00-00 00:00:00";"";"0000-00-00 00:00:00";"";"E";97;"WRZ 8";"";"";"";"";"";"";"Florian Dorsten 1 ELW 1-2";"f";"";"Info: Str&ouml;mungsretter auf dem Deich,\
Wenn Slippstelle bekannt, dann wird Boot geslippt";"2022-10-01 18:16:00";"WRZ 8";"";"";"2022-10-01 18:16:00";"fm1";"S2_rt,EL_bl,UEL_bl,S1S4_bl,S3S6_bl,S5_bl,";"";\N;8;"t";"f";"";"t";"0000-00-00 00:00:00";"2022-10-01 18:15:36"
98;"Fu";"2022-10-01 18:16:00";"fm2";"0000-00-00 00:00:00";"";"0000-00-00 00:00:00";"";"E";98;"WRZ4";"";"";"";"";"";"";"Florian Dorsten 1 ELW1 2";"f";"";"Beginn im Abschnitt";"2022-10-01 18:16:00";"WRZ4";"";"";"2022-10-01 18:16:00";"fm2";"S2_rt,EL_bl,UEL_bl,S1S4_bl,S3S6_bl,S5_bl,";"";\N;8;"t";"f";"";"t";"0000-00-00 00:00:00";"2022-10-01 18:16:35"
99;"Fu";"2022-10-01 18:19:00";"fm2";"0000-00-00 00:00:00";"";"0000-00-00 00:00:00";"";"E";99;"WRZ6";"";"";"";"";"";"";"Florian Dorsten 1 ELW1 2";"f";"";"Ben&ouml;tigen Verpflegung + getr&auml;nke f&uuml;r 48 Kr&auml;fte";"2022-10-01 18:19:00";"WRZ6";"";"";"2022-10-01 18:19:00";"fm2";"S2_rt,EL_bl,UEL_bl,S1S4_bl,S3S6_bl,S5_bl,";"";\N;8;"t";"f";"";"t";"0000-00-00 00:00:00";"2022-10-01 18:19:08"
100;"Fu";"2022-10-01 18:20:00";"fm1";"0000-00-00 00:00:00";"";"0000-00-00 00:00:00";"";"E";100;"WRZ 8";"";"";"";"";"";"";"Florian Dorsten 1 ELW 1-2";"f";"";"Information: Slippstelle gefunden,\
4 Boote im Wasser\
";"2022-10-01 18:20:00";"WRZ 8";"";"";"2022-10-01 18:20:00";"fm1";"S2_rt,EL_bl,UEL_bl,S1S4_bl,S3S6_bl,S5_bl,";"";\N;8;"t";"f";"";"t";"0000-00-00 00:00:00";"2022-10-01 18:20:04"
101;"Fu";"2022-10-01 18:21:00";"fm2";"0000-00-00 00:00:00";"";"0000-00-00 00:00:00";"";"E";101;"WRZ4";"";"";"";"";"";"";"Florian Dorsten 1 ELW1 2";"f";"";"Beginn der Ma&szlig;nahmen vor Ort";"2022-10-01 18:21:00";"WRZ4";"";"";"2022-10-01 18:21:00";"fm2";"S2_rt,EL_bl,UEL_bl,S1S4_bl,S3S6_bl,S5_bl,";"";\N;8;"t";"f";"";"t";"0000-00-00 00:00:00";"2022-10-01 18:21:21"
102;"Fu";"2022-10-01 18:27:00";"fm2";"0000-00-00 00:00:00";"";"0000-00-00 00:00:00";"";"E";102;"WRZ6";"";"";"";"";"";"";"Florian Dorsten 1 ELW1 2";"f";"";"Beleuchtung wird ben&ouml;tigt\
Frage nach Verpflegung";"2022-10-01 18:27:00";"WRZ6";"";"";"2022-10-01 18:27:00";"fm2";"S2_rt,EL_bl,UEL_bl,S1S4_bl,S3S6_bl,S5_bl,";"";\N;8;"t";"f";"";"t";"0000-00-00 00:00:00";"2022-10-01 18:27:23"
103;"Fu";"2022-10-01 18:29:00";"fm1";"0000-00-00 00:00:00";"";"0000-00-00 00:00:00";"";"E";103;"WRZ 4";"";"";"";"";"";"";"Florian Dorsten 1 ELW 1-2";"f";"";"Koordinaten f&uuml;r THW: 32U3615105725570";"2022-10-01 18:29:00";"WRZ 4";"";"";"2022-10-01 18:29:00";"fm1";"S2_rt,EL_bl,UEL_bl,S1S4_bl,S3S6_bl,S5_bl,";"";\N;8;"t";"f";"";"t";"0000-00-00 00:00:00";"2022-10-01 18:28:42"
104;"Fu";"2022-10-01 20:06:00";"fm1";"0000-00-00 00:00:00";"";"0000-00-00 00:00:00";"";"E";104;"WRZ 6";"";"";"";"";"";"";"Florian Dorsten 1 ELW 1-1";"f";"";"Einsatzauftrag &uuml;bernommen";"2022-10-01 20:06:00";"WRZ 6";"";"";"2022-10-01 20:06:00";"fm1";"S2_rt,EL_bl,UEL_bl,S1S4_bl,S3S6_bl,S5_bl,";"";\N;8;"t";"f";"";"t";"0000-00-00 00:00:00";"2022-10-01 20:06:01"
105;"Fu";"2022-10-01 20:07:00";"fm1";"0000-00-00 00:00:00";"";"0000-00-00 00:00:00";"";"E";105;"WRZ 7";"";"";"";"";"";"";"Florian Dorsten 1 ELW 1-1";"f";"";"Eintreffen in Einsatzabschnitt und einsatzbereit.";"2022-10-01 20:07:00";"WRZ 7";"";"";"2022-10-01 20:07:00";"fm1";"S2_rt,EL_bl,UEL_bl,S1S4_bl,S3S6_bl,S5_bl,";"";\N;8;"t";"f";"";"t";"0000-00-00 00:00:00";"2022-10-01 20:07:18"
106;"Fu";"2022-10-01 20:08:00";"fm2";"0000-00-00 00:00:00";"";"0000-00-00 00:00:00";"";"E";106;"WRZ4";"";"";"";"";"";"";"Florian Dorsten 1 ELW1 1";"f";"";"ab sofort Deich&uuml;berwachung";"2022-10-01 20:08:00";"WRZ4";"";"";"2022-10-01 20:08:00";"fm2";"S2_rt,EL_bl,UEL_bl,S1S4_bl,S3S6_bl,S5_bl,";"";\N;8;"t";"f";"";"t";"0000-00-00 00:00:00";"2022-10-01 20:07:59"
107;"Fu";"2022-10-01 20:09:00";"fm1";"0000-00-00 00:00:00";"";"0000-00-00 00:00:00";"";"E";107;"WRZ 8";"";"";"";"";"";"";"Florian Dorsten 1 ELW 1-1";"f";"";"Auftrag Einsatzabschnitt 3 &uuml;bernommen und einsatzbereit";"2022-10-01 20:09:00";"WRZ 8";"";"";"2022-10-01 20:09:00";"fm1";"S2_rt,EL_bl,UEL_bl,S1S4_bl,S3S6_bl,S5_bl,";"";\N;8;"t";"f";"";"t";"0000-00-00 00:00:00";"2022-10-01 20:09:25"
108;"Me";"2022-10-01 20:10:00";"fm2";"0000-00-00 00:00:00";"";"0000-00-00 00:00:00";"";"E";108;"WRZ5";"";"";"";"";"";"";"Florian Dorsten 1 ELW1 1";"f";"";"Auftrag Deich&uuml;berwachung &uuml;bernommen";"2022-10-01 20:10:00";"WRZ5";"";"";"2022-10-01 20:10:00";"fm2";"S2_rt,EL_bl,UEL_bl,S1S4_bl,S3S6_bl,S5_bl,";"";\N;8;"t";"f";"";"t";"0000-00-00 00:00:00";"2022-10-01 20:10:33"
109;"";"0000-00-00 00:00:00";"";"2022-10-01 20:16:00";"";"2022-10-01 20:22:00";"fm2";"A";109;"";"";"";"";"";"";"";"WRZ5";"f";"";"Eine Information vom Deichgraf: rechtsseitig ist ein Baum auf den Deich gest&uuml;rzt\
Erkunden sie die Lage";"2022-10-01 20:16:00";"Florian Dorsten 1 ELW1 1";"el";"EL";"2022-10-01 20:22:00";"fm2";"S2_rt,EL_gn,UEL_bl,S1S4_bl,S3S6_bl,S5_bl,";"";\N;8;"t";"f";"";"t";"0000-00-00 00:00:00";"2022-10-01 20:22:05"
110;"";"0000-00-00 00:00:00";"";"2022-10-01 20:18:00";"";"2022-10-01 20:30:00";"fm2";"A";110;"";"";"";"";"";"";"";"WRZ7, WRZ8";"f";"";"Information eines Beobachters: Wildtiere auf dem Deich linksseitig\
Erkunden sie die Lage und melden eventuelle Sch&auml;den";"2022-10-01 20:18:00";"EAL DLRG WE";"el";"EL";"2022-10-01 20:30:00";"fm2";"S2_rt,EL_gn,UEL_bl,S1S4_bl,S3S6_bl,S5_bl,";"";\N;8;"t";"f";"";"t";"0000-00-00 00:00:00";"2022-10-01 20:30:26"
111;"";"0000-00-00 00:00:00";"";"2022-10-01 20:19:00";"";"2022-10-01 20:25:00";"fm2";"A";111;"";"";"";"";"";"";"";"WRZ4 / WRZ6";"f";"";"Information eines Anwohners: K&uuml;he auf dem Deich!\
Erkunden sie und melden eventuelle Sch&auml;den";"2022-10-01 20:19:00";"EAL DLRG WE";"el";"EL";"2022-10-01 20:25:00";"fm2";"S2_rt,EL_gn,UEL_bl,S1S4_bl,S3S6_bl,S5_bl,";"";\N;8;"t";"f";"";"t";"0000-00-00 00:00:00";"2022-10-01 20:25:05"
112;"Fu";"2022-10-01 20:20:00";"fm2";"0000-00-00 00:00:00";"";"0000-00-00 00:00:00";"";"E";112;"WRZ4";"";"";"";"";"";"";"Florian Dorsten 1 ELW1 1                                        ";"f";"";"Standort Burger King,\
st&uuml;ndliche Deichbegehung";"2022-10-01 20:20:00";"WRZ4";"";"";"2022-10-01 20:20:00";"fm2";"S2_rt,EL_bl,UEL_bl,S1S4_bl,S3S6_bl,S5_bl,";"";\N;8;"t";"f";"";"t";"0000-00-00 00:00:00";"2022-10-01 20:19:40"
113;"";"0000-00-00 00:00:00";"";"2022-10-01 20:21:00";"";"2022-10-01 20:35:00";"fm2";"A";113;"";"";"";"";"";"";"";"WRZ4, WRZ5, WRZ6, WRZ7, WRZ8";"f";"";"Information vom Deichgraf:\
Es werden Sands&auml;cke von der Kammkade entfernt\
Erkunden sie die Lage und melden eventuelle Sch&auml;den";"2022-10-01 20:21:00";"Florian Dorsten 1 ELW1 1";"el";"EL";"2022-10-01 20:35:00";"fm2";"S2_rt,EL_gn,UEL_bl,S1S4_bl,S3S6_bl,S5_bl,";"";\N;8;"t";"f";"";"t";"0000-00-00 00:00:00";"2022-10-01 20:34:46"
114;"Fu";"2022-10-01 20:22:00";"fm2";"0000-00-00 00:00:00";"";"0000-00-00 00:00:00";"";"E";114;"WRZ5";"";"";"";"";"";"";"Florian Dorsten 1 ELW1 1  ";"f";"";"Zitat: von A 109 \
&quot;Eine Information vom Deichgraf: rechtsseitig ist ein Baum auf den Deich gest&uuml;rzt\
Erkunden sie die Lage&quot;\
";"2022-10-01 20:22:00";"WRZ5";"el";"EL";"2022-10-01 20:22:00";"fm2";"S2_rt,";"";\N;8;"t";"f";"";"t";"0000-00-00 00:00:00";"2022-10-01 20:22:31"
115;"Fu";"2022-10-01 20:27:00";"fm2";"0000-00-00 00:00:00";"";"0000-00-00 00:00:00";"";"E";115;"WRZ4 und WRZ 6";"";"";"";"";"";"";"EAL DLRG WE  EL";"f";"";"Zitat: von A 111 \
&quot;Information eines Anwohners: K&uuml;he auf dem Deich!\
Erkunden sie und melden eventuelle Sch&auml;den&quot;\
\
WRZ meldet zus&auml;tzlich Quellung aus dem Deich km 2,2";"2022-10-01 20:27:00";"WRZ4 / WRZ6";"el";"EL";"2022-10-01 20:27:00";"fm2";"S2_rt,";"";\N;8;"t";"f";"";"t";"0000-00-00 00:00:00";"2022-10-01 20:27:03"
116;"Fu";"2022-10-01 20:28:00";"fm1";"0000-00-00 00:00:00";"";"0000-00-00 00:00:00";"";"E";116;"WRZ 6";"";"";"";"";"";"";"Florian Dorsten 1 ELW 1-1";"f";"";"Frage: Standort der K&uuml;he auf dem Deich?\
Antwort: negativ";"2022-10-01 20:28:00";"WRZ 6";"";"";"2022-10-01 20:28:00";"fm1";"S2_rt,EL_bl,UEL_bl,S1S4_bl,S3S6_bl,S5_bl,";"";\N;8;"t";"f";"";"t";"0000-00-00 00:00:00";"2022-10-01 20:28:04"
117;"Fu";"2022-10-01 20:29:00";"fm2";"0000-00-00 00:00:00";"";"0000-00-00 00:00:00";"";"E";117;"WRZ8";"";"";"";"";"";"";"Florian Dorsten 1 ELW1 1";"f";"";"Deichdurchbruch am Hambacher bach\
ben&ouml;tigen schnellstm&ouml;glichst 4 Paletten Sands&auml;ck\
Luisenstra&szlig;e 12";"2022-10-01 20:29:00";"WRZ8";"";"";"2022-10-01 20:29:00";"fm2";"S2_rt,EL_bl,UEL_bl,S1S4_bl,S3S6_bl,S5_bl,";"";\N;8;"t";"f";"";"t";"0000-00-00 00:00:00";"2022-10-01 20:29:06"
118;"Fu";"2022-10-01 20:30:00";"fm1";"0000-00-00 00:00:00";"";"0000-00-00 00:00:00";"";"E";118;"WRZ 4";"";"";"";"";"";"";"Florian Dorsten 1 ELW 1-1                          ";"f";"";"Information: Beobachtung einer Sickerlinie, Kilometer 1,6, westliche Seite";"2022-10-01 20:30:00";"WRZ 4";"";"";"2022-10-01 20:30:00";"fm1";"S2_rt,EL_bl,UEL_bl,S1S4_bl,S3S6_bl,S5_bl,";"";\N;8;"t";"f";"";"t";"0000-00-00 00:00:00";"2022-10-01 20:29:44"
119;"Fu";"2022-10-01 20:31:00";"fm2";"0000-00-00 00:00:00";"";"0000-00-00 00:00:00";"";"E";119;"  WRZ7 und WRZ8";"";"";"";"";"";"";"EAL DLRG WE  EL";"f";"";"Zitat: von A 110 \
&quot;Information eines Beobachters: Wildtiere auf dem Deich linksseitig\
Erkunden sie die Lage und melden eventuelle Sch&auml;den&quot;\
";"2022-10-01 20:31:00";"WRZ7, WRZ8";"el";"EL";"2022-10-01 20:31:00";"fm2";"S2_rt,";"";\N;8;"t";"f";"";"t";"0000-00-00 00:00:00";"2022-10-01 20:31:17"
120;"Fu";"2022-10-01 20:34:00";"fm1";"0000-00-00 00:00:00";"";"0000-00-00 00:00:00";"";"E";120;"WRZ 7";"";"";"";"";"";"";"Florian Dorsten 1 ELW 1-1";"f";"";"Frage: Genaue Klassifizierung der Tiere und genaue &Ouml;rtlichkeit,\
Antwort: negativ";"2022-10-01 20:34:00";"WRZ 7";"";"";"2022-10-01 20:34:00";"fm1";"S2_rt,EL_bl,UEL_bl,S1S4_bl,S3S6_bl,S5_bl,";"";\N;8;"t";"f";"";"t";"0000-00-00 00:00:00";"2022-10-01 20:34:08"
121;"Fu";"2022-10-01 20:35:00";"fm1";"0000-00-00 00:00:00";"";"0000-00-00 00:00:00";"";"E";121;"WRZ 4";"";"";"";"";"";"";"Florian Dorsten 1 ELW 1-1";"f";"";"Information: Abbruch der &Uuml;berwachung, da sechs Quellkaden bei Kilometer 1,9";"2022-10-01 20:35:00";"WRZ 4";"";"";"2022-10-01 20:35:00";"fm1";"S2_rt,EL_bl,UEL_bl,S1S4_bl,S3S6_bl,S5_bl,";"";\N;8;"t";"f";"";"t";"0000-00-00 00:00:00";"2022-10-01 20:35:04"
122;"Fu";"2022-10-01 20:35:00";"fm2";"0000-00-00 00:00:00";"";"0000-00-00 00:00:00";"";"E";122;"WRZ4, WRZ5, WRZ6, WRZ7, WRZ8";"";"";"";"";"";"";"Florian Dorsten 1 ELW1 1  EL";"f";"";"Zitat: von A 113 \
&quot;Information vom Deichgraf:\
Es werden Sands&auml;cke von der Kammkade entfernt\
Erkunden sie die Lage und melden eventuelle Sch&auml;den&quot;\
";"2022-10-01 20:35:00";"WRZ4, WRZ5, WRZ6, WRZ7, WRZ8";"el";"EL";"2022-10-01 20:35:00";"fm2";"S2_rt,";"";\N;8;"t";"f";"";"t";"0000-00-00 00:00:00";"2022-10-01 20:35:17"
